SET NUMERIC_ROUNDABORT OFF
GO
SET XACT_ABORT, ANSI_PADDING, ANSI_WARNINGS, CONCAT_NULL_YIELDS_NULL, ARITHABORT, QUOTED_IDENTIFIER, ANSI_NULLS ON
GO
/*Pointer used for text / image updates. This might not be needed, but is declared here just in case*/
DECLARE @pv binary(16)
BEGIN TRANSACTION
INSERT INTO dbo.__EFMigrationsHistory (MigrationId,ProductVersion) VALUES (N'20181017002050_Initial', N'2.1.4-rtm-31024')
ALTER TABLE [dbo].[FilmActor] DROP CONSTRAINT [FK_FilmActor_Actor_ActorId]
ALTER TABLE [dbo].[FilmActor] DROP CONSTRAINT [FK_FilmActor_Film_FilmId]
ALTER TABLE [dbo].[FilmCategory] DROP CONSTRAINT [FK_FilmCategory_Category_CategoryId]
ALTER TABLE [dbo].[FilmCategory] DROP CONSTRAINT [FK_FilmCategory_Film_FilmId]
ALTER TABLE [dbo].[FilmImage] DROP CONSTRAINT [FK_FilmImage_Film_FilmId]
ALTER TABLE [dbo].[Film] DROP CONSTRAINT [FK_Film_Rating_RatingId]
SET IDENTITY_INSERT [dbo].[Film] ON
INSERT INTO [dbo].[Film] ([FilmId], [Description], [RatingCode], [RatingId], [ReleaseYear], [Runtime], [Title]) VALUES (1, N'As Steve Rogers struggles to embrace his role in the modern world, he teams up with a fellow Avenger and S.H.I.E.L.D agent, Black Widow, to battle a new threat from history: an assassin known as the Winter Soldier.', NULL, NULL, 2014, NULL, N'Captain America: The Winter Soldier')
INSERT INTO [dbo].[Film] ([FilmId], [Description], [RatingCode], [RatingId], [ReleaseYear], [Runtime], [Title]) VALUES (2, N'Earth''s mightiest heroes must come together and learn to fight as a team if they are to stop the mischievous Loki and his alien army from enslaving humanity.', NULL, NULL, 2012, NULL, N'The Avengers')
INSERT INTO [dbo].[Film] ([FilmId], [Description], [RatingCode], [RatingId], [ReleaseYear], [Runtime], [Title]) VALUES (3, N'The powerful but arrogant god Thor is cast out of Asgard to live amongst humans in Midgard (Earth), where he soon becomes one of their finest defenders.', NULL, NULL, 2011, NULL, N'Thor')
INSERT INTO [dbo].[Film] ([FilmId], [Description], [RatingCode], [RatingId], [ReleaseYear], [Runtime], [Title]) VALUES (4, N'When Tony Stark and Bruce Banner try to jump-start a dormant peacekeeping program called Ultron, things go horribly wrong and it''s up to Earth''s mightiest heroes to stop the villainous Ultron from enacting his terrible plan.', NULL, NULL, 2015, NULL, N'Avengers: Age of Ultron')
INSERT INTO [dbo].[Film] ([FilmId], [Description], [RatingCode], [RatingId], [ReleaseYear], [Runtime], [Title]) VALUES (5, N'Steve Rogers, a rejected military soldier transforms into Captain America after taking a dose of a "Super-Soldier serum". But being Captain America comes at a price as he attempts to take down a war monger and a terrorist organization.', NULL, NULL, 2011, NULL, N'Captain America: The First Avenger')
INSERT INTO [dbo].[Film] ([FilmId], [Description], [RatingCode], [RatingId], [ReleaseYear], [Runtime], [Title]) VALUES (6, N'Luke Skywalker joins forces with a Jedi Knight, a cocky pilot, a Wookiee, and two droids to save the galaxy from the Empire''s world-destroying battle-station, while also attempting to rescue Princess Leia from the evil Darth Vader. ', NULL, NULL, 1977, NULL, N'Star Wars: Episode IV - A New Hope')
INSERT INTO [dbo].[Film] ([FilmId], [Description], [RatingCode], [RatingId], [ReleaseYear], [Runtime], [Title]) VALUES (7, N'After the rebels are overpowered by the Empire on their newly established base, Luke Skywalker begins Jedi training with Master Yoda. His friends accept shelter from a questionable ally as Darth Vader hunts them in a plan to capture Luke.', NULL, NULL, 1980, NULL, N'Star Wars: Episode V - The Empire Strikes Back')
INSERT INTO [dbo].[Film] ([FilmId], [Description], [RatingCode], [RatingId], [ReleaseYear], [Runtime], [Title]) VALUES (8, N'After a daring mission to rescue Han Solo from Jabba the Hutt, the rebels dispatch to Endor to destroy a more powerful Death Star. Meanwhile, Luke struggles to help Vader back from the dark side without falling into the Emperor''s trap.', NULL, NULL, 1983, NULL, N'Star Wars: Episode VI - Return of the Jedi')
INSERT INTO [dbo].[Film] ([FilmId], [Description], [RatingCode], [RatingId], [ReleaseYear], [Runtime], [Title]) VALUES (9, N'Two Jedi Knights escape a hostile blockade to find allies and come across a young boy who may bring balance to the Force, but the long dormant Sith resurface to claim their old glory.', NULL, NULL, 1999, NULL, N'Star Wars: Episode I - The Phantom Menace')
INSERT INTO [dbo].[Film] ([FilmId], [Description], [RatingCode], [RatingId], [ReleaseYear], [Runtime], [Title]) VALUES (10, N'Ten years after initially meeting, Anakin Skywalker shares a forbidden romance with Padmé, while Obi-Wan investigates an assassination attempt on the Senator and discovers a secret clone army crafted for the Jedi.', NULL, NULL, 2002, NULL, N'Star Wars: Episode II - Attack of the Clones')
INSERT INTO [dbo].[Film] ([FilmId], [Description], [RatingCode], [RatingId], [ReleaseYear], [Runtime], [Title]) VALUES (11, N'Three years into the Clone Wars, the Jedi rescue Palpatine from Count Dooku. As Obi-Wan pursues a new threat, Anakin acts as a double agent between the Jedi Council and Palpatine and is lured into a sinister plan to rule the galaxy.', NULL, NULL, 2005, NULL, N'Star Wars: Episode III - Revenge of the Sith')
INSERT INTO [dbo].[Film] ([FilmId], [Description], [RatingCode], [RatingId], [ReleaseYear], [Runtime], [Title]) VALUES (12, N'Three decades after the Empire''s defeat, a new threat arises in the militant First Order. Stormtrooper defector Finn and spare parts scavenger Rey are caught up in the Resistance''s search for the missing Luke Skywalker.', NULL, NULL, 2016, NULL, N'Rogue One')
SET IDENTITY_INSERT [dbo].[Film] OFF
SET IDENTITY_INSERT [dbo].[FilmImage] ON
INSERT INTO [dbo].[FilmImage] ([FilmImageId], [FilmId], [ImageUrl], [Title]) VALUES (1, 12, N'https://images-na.ssl-images-amazon.com/images/M/MV5BMjEwMzMxODIzOV5BMl5BanBnXkFtZTgwNzg3OTAzMDI@._V1_SY1000_SX675_AL_.jpg', N'Rogue One Movie Poster')
SET IDENTITY_INSERT [dbo].[FilmImage] OFF
INSERT INTO [dbo].[FilmCategory] ([FilmId], [CategoryId]) VALUES (1, 1)
INSERT INTO [dbo].[FilmCategory] ([FilmId], [CategoryId]) VALUES (2, 1)
INSERT INTO [dbo].[FilmCategory] ([FilmId], [CategoryId]) VALUES (3, 1)
INSERT INTO [dbo].[FilmCategory] ([FilmId], [CategoryId]) VALUES (4, 1)
INSERT INTO [dbo].[FilmCategory] ([FilmId], [CategoryId]) VALUES (5, 1)
INSERT INTO [dbo].[FilmCategory] ([FilmId], [CategoryId]) VALUES (6, 4)
INSERT INTO [dbo].[FilmCategory] ([FilmId], [CategoryId]) VALUES (6, 14)
INSERT INTO [dbo].[FilmCategory] ([FilmId], [CategoryId]) VALUES (7, 4)
INSERT INTO [dbo].[FilmCategory] ([FilmId], [CategoryId]) VALUES (7, 14)
INSERT INTO [dbo].[FilmCategory] ([FilmId], [CategoryId]) VALUES (8, 4)
INSERT INTO [dbo].[FilmCategory] ([FilmId], [CategoryId]) VALUES (8, 14)
INSERT INTO [dbo].[FilmCategory] ([FilmId], [CategoryId]) VALUES (9, 14)
INSERT INTO [dbo].[FilmCategory] ([FilmId], [CategoryId]) VALUES (10, 14)
INSERT INTO [dbo].[FilmCategory] ([FilmId], [CategoryId]) VALUES (11, 14)
INSERT INTO [dbo].[FilmCategory] ([FilmId], [CategoryId]) VALUES (12, 14)
SET IDENTITY_INSERT [dbo].[Category] ON
INSERT INTO [dbo].[Category] ([CategoryId], [Name]) VALUES (1, N'Action')
INSERT INTO [dbo].[Category] ([CategoryId], [Name]) VALUES (2, N'Animation')
INSERT INTO [dbo].[Category] ([CategoryId], [Name]) VALUES (3, N'Children')
INSERT INTO [dbo].[Category] ([CategoryId], [Name]) VALUES (4, N'Classics')
INSERT INTO [dbo].[Category] ([CategoryId], [Name]) VALUES (5, N'Comedy')
INSERT INTO [dbo].[Category] ([CategoryId], [Name]) VALUES (6, N'Documentary')
INSERT INTO [dbo].[Category] ([CategoryId], [Name]) VALUES (7, N'Drama')
INSERT INTO [dbo].[Category] ([CategoryId], [Name]) VALUES (8, N'Family')
INSERT INTO [dbo].[Category] ([CategoryId], [Name]) VALUES (9, N'Foreign')
INSERT INTO [dbo].[Category] ([CategoryId], [Name]) VALUES (10, N'Games')
INSERT INTO [dbo].[Category] ([CategoryId], [Name]) VALUES (11, N'Horror')
INSERT INTO [dbo].[Category] ([CategoryId], [Name]) VALUES (12, N'Music')
INSERT INTO [dbo].[Category] ([CategoryId], [Name]) VALUES (13, N'New')
INSERT INTO [dbo].[Category] ([CategoryId], [Name]) VALUES (14, N'Sci-Fi')
INSERT INTO [dbo].[Category] ([CategoryId], [Name]) VALUES (15, N'Sports')
INSERT INTO [dbo].[Category] ([CategoryId], [Name]) VALUES (16, N'Travel')
SET IDENTITY_INSERT [dbo].[Category] OFF
SET IDENTITY_INSERT [dbo].[Actor] ON
INSERT INTO [dbo].[Actor] ([ActorId], [FirstName], [LastName]) VALUES (1, N'Mark', N'Hamill')
INSERT INTO [dbo].[Actor] ([ActorId], [FirstName], [LastName]) VALUES (2, N'Samuel L.', N'Jackson')
INSERT INTO [dbo].[Actor] ([ActorId], [FirstName], [LastName]) VALUES (3, N'Tom', N'Hiddleston')
INSERT INTO [dbo].[Actor] ([ActorId], [FirstName], [LastName]) VALUES (4, N'Jeremy', N'Renner')
INSERT INTO [dbo].[Actor] ([ActorId], [FirstName], [LastName]) VALUES (5, N'Scarlett', N'Johansson')
INSERT INTO [dbo].[Actor] ([ActorId], [FirstName], [LastName]) VALUES (6, N'Chris', N'Henmsworth')
INSERT INTO [dbo].[Actor] ([ActorId], [FirstName], [LastName]) VALUES (7, N'Mark', N'Ruffalo')
INSERT INTO [dbo].[Actor] ([ActorId], [FirstName], [LastName]) VALUES (8, N'Chris', N'Evans')
INSERT INTO [dbo].[Actor] ([ActorId], [FirstName], [LastName]) VALUES (9, N'Robert', N'Downy Jr.')
INSERT INTO [dbo].[Actor] ([ActorId], [FirstName], [LastName]) VALUES (10, N'Natalie', N'Portman')
INSERT INTO [dbo].[Actor] ([ActorId], [FirstName], [LastName]) VALUES (11, N'Phil', N'Brown')
INSERT INTO [dbo].[Actor] ([ActorId], [FirstName], [LastName]) VALUES (12, N'David', N'Prowse')
INSERT INTO [dbo].[Actor] ([ActorId], [FirstName], [LastName]) VALUES (13, N'Peter', N'Mayhew')
INSERT INTO [dbo].[Actor] ([ActorId], [FirstName], [LastName]) VALUES (14, N'Kenny', N'Baker')
INSERT INTO [dbo].[Actor] ([ActorId], [FirstName], [LastName]) VALUES (15, N'Anthony', N'Daniels')
INSERT INTO [dbo].[Actor] ([ActorId], [FirstName], [LastName]) VALUES (16, N'Alec', N'Guinness')
INSERT INTO [dbo].[Actor] ([ActorId], [FirstName], [LastName]) VALUES (17, N'Peter', N'Cushing')
INSERT INTO [dbo].[Actor] ([ActorId], [FirstName], [LastName]) VALUES (18, N'Carrie', N'Fisher')
INSERT INTO [dbo].[Actor] ([ActorId], [FirstName], [LastName]) VALUES (19, N'Harrison', N'Ford')
INSERT INTO [dbo].[Actor] ([ActorId], [FirstName], [LastName]) VALUES (20, N'Frank', N'Oz')
INSERT INTO [dbo].[Actor] ([ActorId], [FirstName], [LastName]) VALUES (21, N'Felicity', N'Jones')
SET IDENTITY_INSERT [dbo].[Actor] OFF
INSERT INTO [dbo].[FilmActor] ([FilmId], [ActorId]) VALUES (1, 13)
INSERT INTO [dbo].[FilmActor] ([FilmId], [ActorId]) VALUES (1, 16)
INSERT INTO [dbo].[FilmActor] ([FilmId], [ActorId]) VALUES (1, 19)
INSERT INTO [dbo].[FilmActor] ([FilmId], [ActorId]) VALUES (2, 12)
INSERT INTO [dbo].[FilmActor] ([FilmId], [ActorId]) VALUES (2, 13)
INSERT INTO [dbo].[FilmActor] ([FilmId], [ActorId]) VALUES (2, 14)
INSERT INTO [dbo].[FilmActor] ([FilmId], [ActorId]) VALUES (2, 15)
INSERT INTO [dbo].[FilmActor] ([FilmId], [ActorId]) VALUES (2, 16)
INSERT INTO [dbo].[FilmActor] ([FilmId], [ActorId]) VALUES (2, 17)
INSERT INTO [dbo].[FilmActor] ([FilmId], [ActorId]) VALUES (2, 18)
INSERT INTO [dbo].[FilmActor] ([FilmId], [ActorId]) VALUES (2, 19)
INSERT INTO [dbo].[FilmActor] ([FilmId], [ActorId]) VALUES (3, 15)
INSERT INTO [dbo].[FilmActor] ([FilmId], [ActorId]) VALUES (3, 18)
INSERT INTO [dbo].[FilmActor] ([FilmId], [ActorId]) VALUES (3, 20)
INSERT INTO [dbo].[FilmActor] ([FilmId], [ActorId]) VALUES (4, 12)
INSERT INTO [dbo].[FilmActor] ([FilmId], [ActorId]) VALUES (4, 13)
INSERT INTO [dbo].[FilmActor] ([FilmId], [ActorId]) VALUES (4, 14)
INSERT INTO [dbo].[FilmActor] ([FilmId], [ActorId]) VALUES (4, 15)
INSERT INTO [dbo].[FilmActor] ([FilmId], [ActorId]) VALUES (4, 16)
INSERT INTO [dbo].[FilmActor] ([FilmId], [ActorId]) VALUES (4, 17)
INSERT INTO [dbo].[FilmActor] ([FilmId], [ActorId]) VALUES (4, 19)
INSERT INTO [dbo].[FilmActor] ([FilmId], [ActorId]) VALUES (5, 13)
INSERT INTO [dbo].[FilmActor] ([FilmId], [ActorId]) VALUES (5, 16)
INSERT INTO [dbo].[FilmActor] ([FilmId], [ActorId]) VALUES (5, 19)
INSERT INTO [dbo].[FilmActor] ([FilmId], [ActorId]) VALUES (6, 1)
INSERT INTO [dbo].[FilmActor] ([FilmId], [ActorId]) VALUES (6, 2)
INSERT INTO [dbo].[FilmActor] ([FilmId], [ActorId]) VALUES (6, 3)
INSERT INTO [dbo].[FilmActor] ([FilmId], [ActorId]) VALUES (6, 4)
INSERT INTO [dbo].[FilmActor] ([FilmId], [ActorId]) VALUES (6, 5)
INSERT INTO [dbo].[FilmActor] ([FilmId], [ActorId]) VALUES (6, 6)
INSERT INTO [dbo].[FilmActor] ([FilmId], [ActorId]) VALUES (6, 7)
INSERT INTO [dbo].[FilmActor] ([FilmId], [ActorId]) VALUES (6, 8)
INSERT INTO [dbo].[FilmActor] ([FilmId], [ActorId]) VALUES (6, 9)
INSERT INTO [dbo].[FilmActor] ([FilmId], [ActorId]) VALUES (6, 11)
INSERT INTO [dbo].[FilmActor] ([FilmId], [ActorId]) VALUES (7, 1)
INSERT INTO [dbo].[FilmActor] ([FilmId], [ActorId]) VALUES (7, 2)
INSERT INTO [dbo].[FilmActor] ([FilmId], [ActorId]) VALUES (7, 3)
INSERT INTO [dbo].[FilmActor] ([FilmId], [ActorId]) VALUES (7, 4)
INSERT INTO [dbo].[FilmActor] ([FilmId], [ActorId]) VALUES (7, 5)
INSERT INTO [dbo].[FilmActor] ([FilmId], [ActorId]) VALUES (7, 6)
INSERT INTO [dbo].[FilmActor] ([FilmId], [ActorId]) VALUES (7, 7)
INSERT INTO [dbo].[FilmActor] ([FilmId], [ActorId]) VALUES (7, 8)
INSERT INTO [dbo].[FilmActor] ([FilmId], [ActorId]) VALUES (7, 9)
INSERT INTO [dbo].[FilmActor] ([FilmId], [ActorId]) VALUES (7, 10)
INSERT INTO [dbo].[FilmActor] ([FilmId], [ActorId]) VALUES (7, 11)
INSERT INTO [dbo].[FilmActor] ([FilmId], [ActorId]) VALUES (8, 1)
INSERT INTO [dbo].[FilmActor] ([FilmId], [ActorId]) VALUES (8, 2)
INSERT INTO [dbo].[FilmActor] ([FilmId], [ActorId]) VALUES (8, 3)
INSERT INTO [dbo].[FilmActor] ([FilmId], [ActorId]) VALUES (8, 4)
INSERT INTO [dbo].[FilmActor] ([FilmId], [ActorId]) VALUES (8, 5)
INSERT INTO [dbo].[FilmActor] ([FilmId], [ActorId]) VALUES (8, 6)
INSERT INTO [dbo].[FilmActor] ([FilmId], [ActorId]) VALUES (8, 7)
INSERT INTO [dbo].[FilmActor] ([FilmId], [ActorId]) VALUES (8, 8)
INSERT INTO [dbo].[FilmActor] ([FilmId], [ActorId]) VALUES (8, 9)
INSERT INTO [dbo].[FilmActor] ([FilmId], [ActorId]) VALUES (8, 11)
INSERT INTO [dbo].[FilmActor] ([FilmId], [ActorId]) VALUES (9, 1)
INSERT INTO [dbo].[FilmActor] ([FilmId], [ActorId]) VALUES (9, 2)
INSERT INTO [dbo].[FilmActor] ([FilmId], [ActorId]) VALUES (9, 3)
INSERT INTO [dbo].[FilmActor] ([FilmId], [ActorId]) VALUES (9, 4)
INSERT INTO [dbo].[FilmActor] ([FilmId], [ActorId]) VALUES (9, 5)
INSERT INTO [dbo].[FilmActor] ([FilmId], [ActorId]) VALUES (9, 6)
INSERT INTO [dbo].[FilmActor] ([FilmId], [ActorId]) VALUES (9, 7)
INSERT INTO [dbo].[FilmActor] ([FilmId], [ActorId]) VALUES (9, 8)
INSERT INTO [dbo].[FilmActor] ([FilmId], [ActorId]) VALUES (9, 9)
INSERT INTO [dbo].[FilmActor] ([FilmId], [ActorId]) VALUES (9, 11)
INSERT INTO [dbo].[FilmActor] ([FilmId], [ActorId]) VALUES (10, 1)
INSERT INTO [dbo].[FilmActor] ([FilmId], [ActorId]) VALUES (10, 2)
INSERT INTO [dbo].[FilmActor] ([FilmId], [ActorId]) VALUES (10, 3)
INSERT INTO [dbo].[FilmActor] ([FilmId], [ActorId]) VALUES (10, 4)
INSERT INTO [dbo].[FilmActor] ([FilmId], [ActorId]) VALUES (10, 5)
INSERT INTO [dbo].[FilmActor] ([FilmId], [ActorId]) VALUES (10, 6)
INSERT INTO [dbo].[FilmActor] ([FilmId], [ActorId]) VALUES (10, 7)
INSERT INTO [dbo].[FilmActor] ([FilmId], [ActorId]) VALUES (10, 8)
INSERT INTO [dbo].[FilmActor] ([FilmId], [ActorId]) VALUES (10, 9)
INSERT INTO [dbo].[FilmActor] ([FilmId], [ActorId]) VALUES (10, 11)
INSERT INTO [dbo].[FilmActor] ([FilmId], [ActorId]) VALUES (11, 1)
INSERT INTO [dbo].[FilmActor] ([FilmId], [ActorId]) VALUES (11, 2)
INSERT INTO [dbo].[FilmActor] ([FilmId], [ActorId]) VALUES (11, 3)
INSERT INTO [dbo].[FilmActor] ([FilmId], [ActorId]) VALUES (11, 4)
INSERT INTO [dbo].[FilmActor] ([FilmId], [ActorId]) VALUES (11, 5)
INSERT INTO [dbo].[FilmActor] ([FilmId], [ActorId]) VALUES (11, 6)
INSERT INTO [dbo].[FilmActor] ([FilmId], [ActorId]) VALUES (11, 7)
INSERT INTO [dbo].[FilmActor] ([FilmId], [ActorId]) VALUES (11, 8)
INSERT INTO [dbo].[FilmActor] ([FilmId], [ActorId]) VALUES (11, 9)
INSERT INTO [dbo].[FilmActor] ([FilmId], [ActorId]) VALUES (11, 11)
INSERT INTO [dbo].[FilmActor] ([FilmId], [ActorId]) VALUES (12, 21)
SET IDENTITY_INSERT [dbo].[Rating] ON
INSERT INTO [dbo].[Rating] ([RatingId], [Code], [Name]) VALUES (1, N'G', N'General Audiences')
INSERT INTO [dbo].[Rating] ([RatingId], [Code], [Name]) VALUES (2, N'PG', N'Parental Guidance Suggested')
INSERT INTO [dbo].[Rating] ([RatingId], [Code], [Name]) VALUES (3, N'PG-13', N'Parents Strongly Cautioned')
INSERT INTO [dbo].[Rating] ([RatingId], [Code], [Name]) VALUES (4, N'R', N'Restricted')
SET IDENTITY_INSERT [dbo].[Rating] OFF
ALTER TABLE [dbo].[FilmActor]
    ADD CONSTRAINT [FK_FilmActor_Actor_ActorId] FOREIGN KEY ([ActorId]) REFERENCES [dbo].[Actor] ([ActorId]) ON DELETE CASCADE
ALTER TABLE [dbo].[FilmActor]
    ADD CONSTRAINT [FK_FilmActor_Film_FilmId] FOREIGN KEY ([FilmId]) REFERENCES [dbo].[Film] ([FilmId]) ON DELETE CASCADE
ALTER TABLE [dbo].[FilmCategory]
    ADD CONSTRAINT [FK_FilmCategory_Category_CategoryId] FOREIGN KEY ([CategoryId]) REFERENCES [dbo].[Category] ([CategoryId]) ON DELETE CASCADE
ALTER TABLE [dbo].[FilmCategory]
    ADD CONSTRAINT [FK_FilmCategory_Film_FilmId] FOREIGN KEY ([FilmId]) REFERENCES [dbo].[Film] ([FilmId]) ON DELETE CASCADE
ALTER TABLE [dbo].[FilmImage]
    ADD CONSTRAINT [FK_FilmImage_Film_FilmId] FOREIGN KEY ([FilmId]) REFERENCES [dbo].[Film] ([FilmId]) ON DELETE CASCADE
ALTER TABLE [dbo].[Film]
    ADD CONSTRAINT [FK_Film_Rating_RatingId] FOREIGN KEY ([RatingId]) REFERENCES [dbo].[Rating] ([RatingId])
COMMIT TRANSACTION
